traffic,year
100.0,2005
126.933755273,2006
160.303756716,2007
203.390603064,2008
241.292565926,2009
308.79182329,2010
379.980658982,2011
495.840568115,2012
616.207252004,2013
752.103482846,2014
931.200928711,2015
